{
    "GymBuilder": [
        {
            "id": 1,
            "objectId": 1,
            "material": {
                "instanceID": 0
            },
            "locked": false,
            "position": {
                "x": 6.931995868682861,
                "y": 0.7187486886978149,
                "z": 9.270654678344727
            },
            "rotation": {
                "x": 0.0,
                "y": -0.7071068286895752,
                "z": 0.0,
                "w": 0.7071068286895752
            }
        },
        {
            "id": 2,
            "objectId": 2,
            "material": {
                "instanceID": 0
            },
            "locked": true,
            "position": {
                "x": -0.5145727396011353,
                "y": -1.0172582864761353,
                "z": 5.863796234130859
            },
            "rotation": {
                "x": 0.03521585091948509,
                "y": -0.0978940948843956,
                "z": 0.0034662538673728706,
                "w": 0.9945675730705261
            }
        },
        {
            "id": 3,
            "objectId": 1,
            "material": {
                "instanceID": 0
            },
            "locked": false,
            "position": {
                "x": 0.0,
                "y": 0.0,
                "z": 0.0
            },
            "rotation": {
                "x": 0.0,
                "y": 0.0,
                "z": 0.0,
                "w": 0.0
            }
        }
    ]
}