{
    "GymBuilder": [
        {
            "id": 1,
            "objectId": 4,
            "locked": false,
            "position": {
                "x": 3.8390514850616457,
                "y": 0.3354451656341553,
                "z": 8.183289527893067
            },
            "rotation": {
                "x": 0.0,
                "y": 0.0,
                "z": 0.0,
                "w": 1.0
            }
        },
        {
            "id": 2,
            "objectId": 1,
            "locked": false,
            "position": {
                "x": 3.7397170066833498,
                "y": 0.26992809772491457,
                "z": 8.371976852416993
            },
            "rotation": {
                "x": 0.0,
                "y": -0.7071068286895752,
                "z": 0.0,
                "w": 0.7071068286895752
            }
        }
    ]
}