{
    "GymBuilder": [
        {
            "id": 1,
            "objectId": 1,
            "material": {
                "instanceID": 0
            },
            "locked": false,
            "position": {
                "x": 3.7706398963928224,
                "y": 1.0486047267913819,
                "z": 7.222623825073242
            },
            "rotation": {
                "x": 0.0,
                "y": 0.0,
                "z": 0.0,
                "w": 1.0
            }
        },
        {
            "id": 2,
            "objectId": 2,
            "material": {
                "instanceID": 0
            },
            "locked": false,
            "position": {
                "x": 2.27207612991333,
                "y": -0.3402825593948364,
                "z": 7.238001346588135
            },
            "rotation": {
                "x": 0.0,
                "y": 0.0,
                "z": 0.0,
                "w": 1.0
            }
        }
    ]
}