{
    "GymBuilder": [
        {
            "id": 1,
            "objectId": 2,
            "material": {
                "instanceID": 0
            },
            "locked": false,
            "position": {
                "x": 0.0,
                "y": 0.0,
                "z": 0.0
            },
            "rotation": {
                "x": 0.0,
                "y": 0.0,
                "z": 0.0,
                "w": 1.0
            }
        },
        {
            "id": 2,
            "objectId": 4,
            "material": {
                "instanceID": 0
            },
            "locked": false,
            "position": {
                "x": -0.00026665255427360535,
                "y": -0.0013260990381240845,
                "z": 0.0627238005399704
            },
            "rotation": {
                "x": -0.02590067684650421,
                "y": -0.11048967391252518,
                "z": -1.0190366594997613e-7,
                "w": 0.9935397505760193
            }
        },
        {
            "id": 3,
            "objectId": 1,
            "material": {
                "instanceID": 0
            },
            "locked": false,
            "position": {
                "x": -0.18020687997341157,
                "y": 0.243455171585083,
                "z": -2.571345090866089
            },
            "rotation": {
                "x": 0.0,
                "y": 0.0,
                "z": 0.0,
                "w": 1.0
            }
        }
    ]
}