{
    "GymBuilder": [
        {
            "id": 1,
            "objectId": 2,
            "material": {
                "instanceID": 0
            },
            "locked": false,
            "position": {
                "x": 1.975260853767395,
                "y": -1.0172582864761353,
                "z": 11.502681732177735
            },
            "rotation": {
                "x": 0.0,
                "y": -0.7071068286895752,
                "z": 0.0,
                "w": 0.7071068286895752
            }
        },
        {
            "id": 2,
            "objectId": 2,
            "material": {
                "instanceID": 0
            },
            "locked": false,
            "position": {
                "x": 0.3793865442276001,
                "y": -1.0172582864761353,
                "z": 11.441027641296387
            },
            "rotation": {
                "x": 0.0,
                "y": -0.7071068286895752,
                "z": 0.0,
                "w": 0.7071068286895752
            }
        },
        {
            "id": 3,
            "objectId": 2,
            "material": {
                "instanceID": 0
            },
            "locked": false,
            "position": {
                "x": 1.8295124769210816,
                "y": -1.0172582864761353,
                "z": 13.018932342529297
            },
            "rotation": {
                "x": 0.0,
                "y": -0.7071068286895752,
                "z": 0.0,
                "w": 0.7071068286895752
            }
        }
    ]
}