{
    "GymBuilder": [
        {
            "id": 1,
            "objectId": 1,
            "material": {
                "instanceID": 0
            },
            "locked": false,
            "position": {
                "x": 3.7706398963928224,
                "y": 1.0486047267913819,
                "z": 7.222623825073242
            },
            "rotation": {
                "x": 0.0,
                "y": 0.0,
                "z": 0.0,
                "w": 1.0
            }
        },
        {
            "id": 2,
            "objectId": 2,
            "material": {
                "instanceID": 0
            },
            "locked": false,
            "position": {
                "x": 3.010838747024536,
                "y": 2.14994215965271,
                "z": -12.49502944946289
            },
            "rotation": {
                "x": 0.0,
                "y": 0.0,
                "z": 0.0,
                "w": 1.0
            }
        }
    ]
}